国,年,出来事
大神華連邦,962年,モルゴニア国西部（現在のランシット）のシンアン王国（神陽国）の支配領域が東進し定住者が現れる。
大神華連邦,1381年,シンアン王国滅亡後、柳櫻季帝により神聖大神華帝国建国。
大神華連邦,1403年,南方戦争に勝利し南方へ進出。
大神華連邦,1414年,藩太半島を併合し領土拡大。
大神華連邦,1562年,柳正武帝即位、首都を皇京へ移す。勢力が靈榮東部や竪野半島に及ぶ。
大神華連邦,1765年,第一次神靈戦争：靈榮帝国に侵攻。
大神華連邦,18世紀,西洋のトイティア連合王国が産業革命。
大神華連邦,1842年,トイティア連合王国が泰港に上陸、「神兎和親条約」を締結。
大神華連邦,1848年,柳向帝が「神聖大神華帝国憲法」を発布、近代化が進展。
大神華連邦,1854年,燦英事件発生。神兎戦争勃発、琲納港をトイティアに占領される。泰棣条約によりモルチャイアの一部を割譲。緩衝国として岸本国・モルモン連合政府設置。
大神華連邦,1893年,第二次神靈戦争勃発、靈榮帝国東部泥淡地方へ侵攻。
大神華連邦,1896年,戦線膠着、仙翠条約で終結。
大神華連邦,1897年,「山州合意」で竪野・総馬地方及び朝張半島を豐彌帝国へ割譲。
大神華連邦,1923年,協調派・張縁甲が退任、国家社会主義的な寂驒蓮が首相に就任。
大神華連邦,1931年2月20日,大東洋同盟を結成（国連脱退）。
大神華連邦,1931年3月17日,世界大戦勃発。デルマニア軍がプラテルハム侵攻。神華帝国は中枢大同盟側で参戦。
大神華連邦,1932年,神華軍がリンカ大陸から連合軍を放逐。
大神華連邦,1934年,連合軍がハンダイに上陸（ハンダイ上陸作戦）、神華軍後退。
大神華連邦,1937年4月10日,連合軍が皇京に上陸・占領。政府は木興へ遷都。
大神華連邦,1937年6月15日,神華帝国、無条件降伏。ポツタット講和条約締結、国土解体。
大神華連邦,1942年,神華、トイティアから独立。「神華国憲法」公布、帝政廃止。
大神華連邦,1942年,初代大統領に婁歡豈が就任（事実上の独裁政治）。
大神華連邦,1955年,国民投票で今泉游が当選、大総統就任。三国主義を導入。
大靈榮国民共栄国,580年,明族最後の王朝・山下（現在の安平道）が大トルメキア帝国初代皇帝イディアントゥルコ一世に滅ぼされる。明族は四散し、九原国の傘下に入る。
大靈榮国民共栄国,7世紀,北部でパトンサイ人がサンディン（山田）を建国。支配領域は現在の令沃県まで。
大靈榮国民共栄国,832年,山田国は北麗国に滅ぼされ、パトンサイ人が民族浄化される。令軌平原は無人となる。
大靈榮国民共栄国,1057年頃,耶卯桓帝が大靈榮帝国を松遵県に樹立。
大靈榮国民共栄国,1132年,高鏡帝の時代、大靈榮帝国は南下し清源王朝・大淡王朝などの小邦を破り、多くの民族を支配下に置く。
大靈榮国民共栄国,1170年,靈榮南東部の邊霧地方で禮天教成立。
大靈榮国民共栄国,1174年,大靈榮帝国は現在よりも広大な領土を支配。
大靈榮国民共栄国,1180年,天華彌天和が天郷禮天国を建国、邊霧戦争勃発。
大靈榮国民共栄国,1289年,天郷が分裂、靈榮軍が邊霧地方に進撃し諸禮天国を併合。
大靈榮国民共栄国,1380年,大靈榮帝国が東部のシンアン王国（神陽国）を滅ぼし、神聖大神華帝国建国の要因となる。
大靈榮国民共栄国,1547年,靈土戦争勃発、靈榮が大トルメキア帝国東部を併合（ソマリサル条約）。
大靈榮国民共栄国,1875年,靈榮が再びトルメキアに侵攻、シャチェ地方を占領。
大靈榮国民共栄国,1876年,マディカタン条約締結、パパール人の権利向上を確約。
大靈榮国民共栄国,1765-1769年,第一次神靈戦争、神華帝国がサムンヤ族独立支援で靈榮と戦う。
大靈榮国民共栄国,1775年,神灣大反乱、壇聰無の組織が神灣各地で蜂起、神灣独立を承認。
大靈榮国民共栄国,1887-1890年,靈兎戦争勃発、靈榮敗北。1890年5月21日、椛京条約締結。床軌、山田、総張、半城をトイティアに割譲（1917年返還）。
大靈榮国民共栄国,1893年2月8日,第二次神靈戦争勃発、神華帝国侵攻。痛み分けで終了。
大靈榮国民共栄国,1897年,五月共和革命、宇磨駕西が蜂起。南靈榮帝国成立。安平・雰寳地方は大トルメキア帝国支援で独立。
大靈榮国民共栄国,1900年,靈榮革新的革命国民軍が靈榮国民政府樹立。
大靈榮国民共栄国,1924年,靈榮国民政府、国際協和連合に加盟。
大靈榮国民共栄国,1931年2月20日,南靈榮帝国、大東洋同盟に加盟。
大靈榮国民共栄国,1931年3月17日,世界大戦開戦、国連と戦う。
大靈榮国民共栄国,1935年11月9日,南靈榮帝国降伏。
大靈榮国民共栄国,1935-1945頃,世界大戦終結後、靈榮国民政府は大靈榮国民共栄国に改称、南靈榮・安平・雰寳を合併。
大靈榮国民共栄国,1995年5月10日,5.10靈榮軍事クーデター、新川景寧将軍らが政権掌握。翌11日、首都制圧、大統領畔梅清射殺。
大靈榮国民共栄国,2015年1月,安崎寶動乱、東エスルメキア自由解放軍が蜂起。靈榮政府と和平交渉、安平・阿崎・雰寶に自治区設置で戦闘停止。
豐彌国,恐竜絶滅期,豐彌諸島の先住民族「丹民」が首長竜を家畜化し、潜水騎兵が広域勢力を持つが、生きた筏の大量絶滅で勢力圏縮小。
豐彌国,1300年頃,竹西人渡来集団が竪野半島から田宮県に上陸し、彌国を建国。
豐彌国,1350年,豐彌列島全域を征服。ただし鹿州島、長梨島、福石島、寶沙諸島は丹民支配下。竹西人は田海島、山藤島、瀬奈島を実質支配。自らを彌人と称す。
豐彌国,1370年,彌人国家群と丹民国家群の間で内戦「彌国大乱」勃発。海舟人が彌国連合水軍として参戦。
豐彌国,1400年,寶沙の最後の丹民政権を彌・海舟連合水軍が平定。彌国女王忌墮卑子を中心とした統一王朝が成立（豐彌皇統の始まり）。
豐彌国,15世紀末〜16世紀初頭,華座川陽皇の時代、武士の不満高まる。1500年頃、橋本の乱や妙森の乱が発生。1515年、仲原崇善の謀反により地方武家政権が全国で形成、豐彌戦国時代開始。
豐彌国,1589年,手米の戦いで佳白原志野黑の上仙軍府が勝利。
豐彌国,1590年,武家政権の大豐彌帝国（佳白原政権）樹立。74年間続いた戦国の世が終結。
豐彌国,19世紀,佳白原政権、開国・対外通商開始（豐兎和親条約）。西洋列強による圧力と国内不安で内紛・内乱が頻発。
豐彌国,1865年（興永21年）,興永維新により王政復古を宣言。興永維新政府成立、急進的近代化政策を開始。
豐彌国,1897年,山州会議で神華帝国が朝張半島、総馬地方、竪野半島、界濱地方を豐彌に永久割譲（山州合意）。
豐彌国,1899年,不平等条約の改正完了（トイティア軍駐留は縮小継続）。
豐彌国,1912年,トイティア株価大暴落、世界恐慌が豐彌に波及。羽藤清房内閣の経済政策失敗で穂然恐慌発生。
豐彌国,1924年,中條英智による軍事内閣成立、国民皇化同盟設立、国家社会主義政権発足。
豐彌国,1931年2月20日,豐彌、神華主催の大東洋会議で世界大戦参戦決定。
豐彌国,1931年4月10日,豐彌海軍がアグロネディア帝国サーストのブディケスト基地を攻撃、朝彌洋戦争開戦。
豐彌国,1935年1月8日,1.8軍事政変、皇政翼賛会クーデターで中條内閣解散、皇室と急進派軍人による新政権成立。
豐彌国,1936年3月21日,トイティア空軍が室岩市に史上初の原子爆弾投下。
豐彌国,1936年3月29日〜4月1日,豐彌が全皇族会議で降伏決定、4月1日無条件降伏。
豐彌国,1936年6月8日,降伏文書署名、南北に分断され占領。
豐彌国,1938年4月,東洋国際軍事裁判開廷、豐彌要人54名が一級戦犯として有罪。皇室は免責。
豐彌国,1940年3月3日,改正豐彌国憲法公布、国民主権化、皇室一時廃絶。
豐彌国,1945年7月28日,ロンティア平和条約調印、主権回復と海外領土放棄。トイティアとの安全保障条約締結。
豐彌国,1946年,豐彌、国際連合加盟。清奈貞士大統領就任。
豐彌国,1949年,4.19革命、清奈貞士政権崩壊、亡命。
豐彌国,1953年,南北統一（北豐彌の権限がトイティアに移管、南豐彌主導で統一）。
豐彌国,1959年2月26日,2.26軍事革命、林成慈少将が権力掌握、国家復興軍事委員会設立。
豐彌国,1959年10月,皇室復古宣言、議院内閣制に移行、林成慈内閣総理就任、駐留トイティア軍追放。
豐彌国,1960〜1970年代,開発独裁政策（軽工業・重化学工業・電子産業育成）、外貨獲得策。南北格差や地域差別の問題残存。
豐彌国,1973年8月17日,豐朝戦争開戦、瀬奈島占領。
豐彌国,1975年1月20日,皇京条約締結、瀬奈島永久放棄。
豐彌国,1977年9月10日,戒厳令発布、憲法改正、選挙廃止、林成慈の永久政権化。
豐彌国,1979年6月25日,林成慈暗殺（6.25事件）、独裁体制終結。
豐彌国,1980年7月7日,戒厳令発令、軍部が政治権力掌握。
豐彌国,1980年7月17日,室岩事件、民主派武装勢力を軍が鎮圧。
豐彌国,1985年5月,6.29民主化宣言、国家復興最高議会解散、人権保障強化を約束。
豐彌国,1988年,国家民主党結成（右派国家党＋左派民主党合同）。
豐彌国,1989年7月30日,重清修元、復興議会首相選出。当選後、議会改革実施。
豐彌国,1996年,豐彌、核保有宣言。神華連邦と豐華相互防衛協定締結、福石県に駐屯基地設置。
豐彌民主国,1936年6月8日（穂然46年）,大豐彌帝国が降伏文書に調印、朝彌洋戦争終結。
豐彌民主国,1936年6月15日,連合国軍が豐彌列島に上陸開始。南北分断統治を実施。北豐彌はフルンソワ主導の直接占領、南豐彌はトイティア軍による間接統治。
豐彌民主国,1936年〜1938年,北豐彌でフルンソワ軍による強圧的占領。行政・司法・立法権を奪われ、工業大国から農業小国への転換を画策。住民は抵抗運動を展開。
豐彌民主国,1938年9月10日,皇室復古の一環として、井田宮崇徳親王を陽皇に擁立。民心掌握を企図し、北豐彌の抗議運動が下火傾向。
豐彌民主国,1938年11月,北豐彌で行政代行機関「国務院」と立法機関「国会」の新設命令が下される。
豐彌民主国,1939年4月,国務院と国会が開設。国務院総理に木野光義が就任。
豐彌民主国,1940年3月,北豐彌で「豐彌民主国憲法」施行、立憲君主制国家としての民主政体を確立。南豐彌は大統領を元首とする共和制国家として分離統治。南北分断が固定化。
豐彌民主国,1940〜1945年,軍政司令部が名目上の統治者である陽皇ではなく民主国政府を通じて政策を実施。北豐彌では抗議運動や反乱（尾州8.19事件）が発生。
豐彌民主国,1945年7月28日,ロンティア平和条約調印。南豐彌の主権回復が認められる。北豐彌は瀬奈島・山藤島放棄のみで間接統治継続。
豐彌民主国,1945年12月,北豐彌で軍政司令部が再編され「豐彌総監府」設置。
豐彌民主国,1953年,フルンソワ共和国の反王政革命により、フルンソワ軍が北豐彌から撤退、総監府解体。北豐彌の主権回復。南北統一に向けた対話開始。
豐彌民主国,1955年2月,北豐彌政府が南豐彌政府に編入され、南北統一を達成。北豐彌の皇室制度は廃止、井田宮は廃位。皇室復古を目指す右翼運動の激化が政治的影響を残す。
巒東禮天国,1420,神聖大神華帝国が汕張を征服し、巒張島の西海沿岸部を支配下に置く。
巒東禮天国,1920,巒張督府長に汗阜徳が任官し、道制度廃止・原住民登用・教育改革を開始。
巒東禮天国,1933,神華大粛清事件で汗阜徳逮捕・処刑。
巒東禮天国,1934,原住民専用軍官学校が設置され、巒張防衛義勇軍が発足。
巒東禮天国,1936,巒張防衛義勇軍が蜂起し、神華軍を攻撃、連合軍と合流。
巒東禮天国,1937,巒張独立宣言を布京で行い、停戦協定を締結。
巒東禮天国,1945,巒張戦争が勃発し、布京で大規模戦闘。
巒東禮天国,1949,深島休戦協定締結により、巒張民国が実効支配を確立。
巒東禮天国,1950,巒張民国憲法を制定、宗賀炉が国家大総統に就任。
巒東禮天国,1952,初の議会総選挙で安沙与内閣が成立。
巒東禮天国,1956,七月政治騒乱で憲法停止、議会解散、戒厳令布告。
巒東禮天国,1958,巒東禮天国を建国し、天美武秀が天理府就任、安沙与が天政司就任。
巒東禮天国,1960,四月天令事件で安沙与派が粛清され、反体制派が弾圧される。
巒東禮天国,1961,崇母島事件が発生し、第1次茂石紛争が勃発。
巒東禮天国,1963,第2次茂石紛争・茂石海戦が発生。
巒東禮天国,1964,室岩休戦協定締結により、茂石群島の権益回復。
巒東禮天国,1961-1965,重要産業国有化・計画経済開始。
巒東禮天国,1964,経済5箇年計画を策定し、産業天令運動を開始。
巒東禮天国,1966-1968,第1次巒東大飢饉が発生、農民餓死多数。
巒東禮天国,1968,耐忍の大天令を布告し、国民に忍耐を呼びかけ。
巒東禮天国,1969,外交公館を閉鎖し、鎖国体制を確立。
巒東禮天国,1971,富強砦国化宣言、軍事最優先・要塞化・核兵器開発開始。
巒東禮天国,1973-1978,天美武秀が病床入り、長男天美富駿が政務を引き継ぐ。
巒東禮天国,1978,天美富駿が最高指導者に就任し、天美秀の霊廟建設開始。
巒東禮天国,1981,大東洋共存圏に再加盟し、国際社会復帰・神華との国交回復。
巒東禮天国,1982,国連に加盟し、西洋諸国との国交正常化。
巒東禮天国,1984,経済特区を設置、真泉・海州・下門・南土を自由貿易地域に指定。
巒東禮天国,1983-1985,ロンティア共同宣言により、東西緊張緩和策・経済特区共同開発計画を実施。
神灣国民政府,紀元前,清源(ツェンワン)族や大淡(ターラム)族などの先住民族がリンカ大陸南部沿岸に定住、都市国家を築き、農耕・漁労・交易を営む。
神灣国民政府,紀元後400年頃,ハプカ王国が南ヤルキアを支配し、清源人を東方に追放。清源人が神灣族の土地を取り込み、矢川王朝（清源王国）を建国。神灣族は矢川王朝の庇護下で人口増加。
神灣国民政府,12世紀（1132年）,大靈榮帝国が神灣内陸部や沿岸部へ侵攻、小邦を滅ぼし清源王国を属領に編成。神灣族も統合され、宗教・制度的同化が進むが部族反乱も頻発。
神灣国民政府,18世紀,壇聰武が北山地方を拠点に独立派勢力を拡大。1775年、神灣各地で反乱を起こし、遜宗を皇帝として神灣帝国を建国。
神灣国民政府,1928年,恩崇(ブスズルン)が皇帝に即位、国内の開戦派軍人・活動家を逮捕・処刑（恩崇事件）。
神灣国民政府,1931年2月20日,神灣政府が神華など東洋諸国と共に「大東洋宣言」を発表。大戦には非参戦の方針を決定。
神灣国民政府,1931年3月10日,恩崇帝が櫻京でトイティア使節と秘密会談（櫻京会談）を実施、神華劣勢時の侵攻計画を合意（櫻京秘密協定）。
神灣国民政府,1935年2月28日,神灣が神華、南靈榮帝国、大豐彌帝国領土へ奇襲攻撃を開始、神海海戦も発生。神灣は戦勝国の一つとなる。
神灣国民政府,1956年4月10日,邊霧・清源地域で独立派が神灣からの独立を宣言。国際的に支持され、神灣帝国は崩壊。
神灣国民政府,1956年11月29日,神灣国民憲法が成立。
神灣国民政府,1957年1月13日,神灣が共和制に移行。第一回総選挙で神灣国民党が勝利、朴晋(ポクツィン)が大統領に就任。一党独裁制となる。
神灣国民政府,21世紀（2009年1月7日）,安林道香冠市で禮天教徒と藍祁教徒の抗争（香冠紛争）が勃発、内戦に発展。天導師集団が丘巡県、王陰県を占領。
大灣国,1287年,大トルメキア帝国が大灣島を植民。皇帝メフタファ三世は大靈榮帝国とのアルヒン地方での領土紛争に敗北し、新領土獲得のため大灣島を領有。
大灣国,1886年,トルメキア本国で内乱が発生。在大灣トルメキア駐屯軍の多くが本国へ帰還。毅関掠一派が蜂起し統治局を襲撃、全島で暴動が発生しトルメキアの管轄から外れる。
大灣国,1886年5月18日,大灣島が神聖大神華帝国の庇護下に入り、大灣帝国統治領として半独立を達成。
大灣国,1935年,大湾島が連合軍に占領される。
大灣国,1945年,大戦終結後、オーデシア王国が軍政を敷く。現地住民と残留神華兵が12.6軍事革命を起こし、オーデシア軍を撤退させる。
大灣国,1945年,残留神華軍の頼崇來少佐が軍事政権を敷き、反発する者を粛清（血の三月事件）。
大灣国,1983年,頼崇來が93歳で死去。大灣島が民政に移行。
南馬軍政府,1399年～1403年,「南方戦争」により竹西人が北方に連れ去られ、総馬・竪野地方は神華人による支配下に置かれる。
南馬軍政府,1564年頃,神華帝国は在総馬地方の神華人を「総馬民族」と呼び、本国の神華人と区別。総馬民族は作物の大量搾取で飢餓に苦しむ。
南馬軍政府,1897年,「山州合意」により神華帝国は竪野・総馬地方および朝張半島を豐彌帝国に割譲。
南馬軍政府,1898年,総馬民族による豐彌帝国からの独立運動（2.29独立運動）が発生。駐屯憲兵の弾圧により数千人の犠牲者が出る（屏林虐殺）。
南馬軍政府,1938年10月11日,連合軍（トイティア軍）が竪野・総馬地方に占領統治を宣言。総馬民主共和国や竪野独立政府の国家承認を否定。
南馬軍政府,1938年10月13日,トイティア軍が総馬総督府から降伏文書の署名を受け、在総馬トイティア陸軍総司令部軍政府による直接統治開始。国民自治軍を創設。
南馬軍政府,1949年11月2日,北馬地域の煙草屋「神太」の女性店主がトイティア兵に撲殺される（神太事件）。
南馬軍政府,1949年11月3日,神太事件に抗議する民衆蜂起（11.3蜂起）が北馬地域で発生。国民自治軍が武力で弾圧、総馬内戦勃発。
南馬軍政府,1950年4月4日,社会党が北馬地域で北馬国民労働政府を樹立。南馬地域では楠會岸が南馬軍政府を樹立、トイティアとの国交断絶。
南馬軍政府,1955年3月17日,南北統一を目指した南馬軍政府が竹川を越えて北上、総馬戦争勃発。北馬軍は細頭周辺まで追い詰められる。
南馬軍政府,1955年～1956年,神護国・連合軍の介入で南馬軍の戦線が崩壊。両軍は膠着状態に。12月30日に総馬戦争休戦協定締結、戦闘終結。国土は荒廃。
南馬軍政府,1998年,杏尼繁（南馬）と信紊敬（北馬）による南北首脳会談が開催され、統一に向けた話し合いを開始。しかし、大靈榮国民共栄国と大神華連邦が否定的で対談は中止。
マルーシャ人民革命共和国,1949年,国際連合からの独立を認められる。
マルーシャ人民革命共和国,1951年,カハタンガから分離し、タンメーグ共和国として完全独立を達成。
マルーシャ人民革命共和国,1951年～1965年,タンメーグ共和国政府で汚職が蔓延。人民革命党を中心としたマルーシャ人民革命戦線が政府軍と戦闘を開始（マルーシャ内戦）。トイティア軍が軍事介入、空爆や港町占領（マルーシャ作戦）、非戦闘員拘束・処刑（センクシャン虐殺）で数万人が死亡、数十万人が難民化。
マルーシャ人民革命共和国,1965年6月3日,マルーシャ人民革命戦線が首都マルハを制圧。
マルーシャ人民革命共和国,1965年6月4日,タンメーグ共和国を打倒、マルーシャ人民革命共和国樹立。ピャナフ・サルが国家主席に就任。
マルーシャ人民革命共和国,1965年7月10日,ピャナフ・サルが正式に国家主席就任。狩猟共産主義政策を開始、通貨廃止・私有財産没収・教育・医療の否定・宗教禁止・少数民族禁止を実施。5年間で干ばつ・飢餓・疫病・虐殺により200万～300万人が死亡。
マルーシャ人民革命共和国,1970年1月,マルーシャ北東部からカハタンガ領内へ越境攻撃、現地住民虐殺。カハタンガと国交断絶。
マルーシャ人民革命共和国,1970年3月,南部軍管区でカハタンガ人を大量処刑、子供兵士を動員。
マルーシャ人民革命共和国,1970年4月,"マルーシャ軍がカハタンガ領内クンサン県シャナク村を虐殺（2,000名）。"
マルーシャ人民革命共和国,1970年5月,カハタンガが反撃開始、空軍による国境地域空爆。
マルーシャ人民革命共和国,1970年7月1日,袮禾友好協力条約締結、カハタンガが南デルニカ連合州に支援要請。
マルーシャ人民革命共和国,1970年9月19日,カハタンガが亡命タンメーグ人を組織し、タンメーグ民族統一戦線を結成。マルーシャ・カハタンガ戦争勃発。
マルーシャ人民革命共和国,1970年12月7日,カハタンガ軍がマルハを占領、シュナ・サロ政権（タンメーグ国）が成立。人民革命党軍はパンプチュア領内に逃れ、マルーシャ人民解放政府を樹立し武装闘争を継続。
マルーシャ人民革命共和国,1997年3月28日,ピャナフ・サル死去（74歳）、反カハタンガ・反サロ政権の武装闘争は継続。
東麗国,1937年3月20日,連合軍が朝張半島から東麗に進軍。東麗防衛師団が冨岡城で籠城戦を敢行。
東麗国,1937年5月中旬,東麗及び奉元が連合軍の手中に落ち、防衛師団は完全瓦解。
東麗国,1945年,世界大戦終結後、連合国軍（トイティア）が東麗に占領統治を実施。東麗国民委員会設立、委員長に延関須が任命。
東麗国,1946年5月,民主派勢力を糾合した東麗国民党が結成。
東麗国,1947年4月10日,立法機関として東麗国民会議が創設される。
東麗国,1948年6月8日,東麗国憲法を制定。
東麗国,1948年6月9日,延関須が大統領に就任、東麗国樹立を宣言して独立。
東麗国,1950年2月,トイティア軍が東麗から撤収。ただし影響力は残存。
東麗国,1953年6月30日,東麗国民党が奉元国民党と合併し、国民民主党（国民派）を結成。
東麗国,1959年1月,反政府デモが首都で発生、政府軍が発砲し鎮圧。市民の暴動と神華派武装蜂起が全国に拡大（東麗内戦開始）。
東麗国,1959年～同年下半期,神華東麗義勇軍の支援により神華派が内戦で勝利、東麗国の権力を完全掌握。
竪野国民共和国,1941年,連合軍による竪野半島占領統治が終了。老智明が政府主席に就任し、竪野国建国を宣言。過渡的な暫定基本法により主席の権限を強大化、議会は追認機関として設置。
竪野国民共和国,1941年,独立直後、知識層や左翼運動による反老智明運動が発生。右翼学生組織も形成され、左派との激しい衝突が頻発。
竪野国民共和国,1942年,トイティア軍が竪野を反共防波堤として軍事要塞化。左翼学生運動や共産主義勢力の武装闘争路線が活発化。
竪野国民共和国,1946年,神護共産革命（9.14革命）などを受け、竪野で左翼学生運動が盛り上がる。右翼学生組織も結成され、左派との抗争が全国に拡大。
竪野国民共和国,1947年,トイティア国内で駐留軍反対世論が高まり。老智明政権は新安保条約締結を打診され、これを承諾する。
竪野国民共和国,1948年1月10日,老智明がトイティアに渡り、新安保条約に調印。条約批准を巡り大規模な左翼・光復派デモが全国で発生。
竪野国民共和国,1948年4月5日～6月9日,光復派による全国的な統一行動が実施され、大学封鎖・投石・火炎瓶・銃火器使用などの抗議活動が拡大。
竪野国民共和国,1948年6月9日,ルーク・カスティ（トイティア首相秘書官）が潮江で爆殺される（ルーク・カスティ爆殺事件）。同日、全国一斉にトイティア軍基地に対するスクールバス爆破テロが発生。国家警備隊の一部師団が決起し、主要都市を制圧、老智明を拘束。救国国民会議が6.9声明を発表。
奉元国民独立国,世界大戦期,連合国に占領される
奉元国民独立国,1940年,オーデシア王国の庇護の下で独立
奉元国民独立国,1953年,原綿陸による軍事クーデター（53年軍事革命）発生、軍事政権が成立
奉元国民独立国,1953年以降,国家統治行政軍事委員会による統治が続く
朝張社会主義人民国,古代,朝張半島（当時：藩太半島）には、竪野・総馬地方の竹西人と類似した特徴を持つ森南人が居住し、各地で王朝を築く。
朝張社会主義人民国,1394年,神聖大神華帝国に迫害された蠢奴が白桂山脈を越えて現在の徳慈県に侵入。惨卑（本名不詳）が康張王国を樹立。
朝張社会主義人民国,1399年,康張が森南人を制圧し、藩太半島全域を自国領とする。
朝張社会主義人民国,1403年,康張が分裂し、康張・弴張・鎮張・朝張の4国に分かれる。朝張戦国時代（藩太戦国時代）が始まる。
朝張社会主義人民国,1410年,朝張が神華帝国の支援を受け弴張・鎮張を滅ぼし、藩太半島を統一。大朝張帝国が成立。
朝張社会主義人民国,1414年,大朝張帝国が神華帝国に併合され、朝張王朝が消滅。以降、神華帝国が藩太半島を「朝張半島」と呼称。
朝張社会主義人民国,1897年,「山州合意」により竪野・総馬地方、朝張半島が神華帝国領から豐彌帝国へ割譲。
朝張社会主義人民国,1898年,独立運動家・弯斌羿らが「8.20独立運動」を起こすも、駐屯憲兵により弾圧され、両山虐殺が発生。
朝張社会主義人民国,1937年6月15日,神華帝国の降伏により世界大戦が終結。トイティア連合王国が朝張半島に軍政を敷く。
朝張社会主義人民国,1939年,トイティア保護下で朝張共和国が成立。
朝張社会主義人民国,1942年,トイティア軍が朝張半島から撤退。朝張労働党がリンカ大陸初の社会主義国家を樹立（朝張社会主義人民共和国）。
南寧羅神華民国,第二次世界大戦後（1945年以降）,トイティア連合王国の支配下にあった寧羅で、神華系寧羅人が自治議会開設を求める社会運動を展開。森南系寧羅人との衝突も発生。
南寧羅神華民国,1957年,森南系寧羅人が中心となり、寧羅民国を建国。トイティアから独立。
南寧羅神華民国,1965年,寧羅内戦発生。神華系寧羅人の自由神華抵抗軍が寧羅当局と大規模な武力衝突を起こす。
南寧羅神華民国,1968年,馬強男大統領が民族差別撤廃のための大規模な憲法修正案を議会に提出。神華系寧羅人の地位向上を図る内容だったが議会・憲法裁判所で否決。
南寧羅神華民国,1969年,馬強男大統領が憲法修正案の挫折を受けて辞職。新大統領に里尾西が就任し、反神華政策を促進。
南寧羅神華民国,1985年,森南系寧羅人の合邦派左翼勢力が朝張との統合を目指すクーデター計画を立案。
南寧羅神華民国,1986年6月5日,寧羅警察による神華系寧羅人への弾圧が発端となり、各地で衝突が発生。
南寧羅神華民国,1986年6月6日,合邦派軍部隊が首都・鳥縄で武装蜂起（1986年寧羅軍事動乱）。多数の神華系住民が虐殺される。
南寧羅神華民国,1986年6月10日,大神華連邦の軍が寧羅に侵攻、「特別平和作戦」を開始。南寧羅地域の神華系住民の独立領域を確立。
南寧羅神華民国,1986年7月11日,神華系指導者の大波民を首班とする行政執行委員会設立。自由寧羅神華国民自治政府成立。戒厳令布告。
南寧羅神華民国,1986年9月1日,南寧羅神華民国として独立宣言。南北分断が確定。国連は南寧羅独立を認めず、撤退勧告を決議。
南寧羅神華民国,1990年,不可侵合意成立、海上中立領域（北方軍事分界線）が設置。北寧羅は南寧羅政府の存立を事実上承認。
南寧羅神華民国,1992年以降,南北間での武力衝突が減少。
クニコ駐屯軍政府,1975年,ヘルゴア連邦で共産主義革命が発生し、国内は混乱。
クニコ駐屯軍政府,1975年,神華は混乱に乗じ、今泉游が実権を握ってから領有権を主張していた茂谷島に上陸。占領後、神華駐屯軍による軍事政府が樹立され、以降神華本国から半ば独立した統治を行う。
クニコ駐屯軍政府,1975年以降,駐屯軍政府下で島内のヘルゴア語・茂谷語など現地語が規制され、地名や人名も神華語に置き換えられる。
南神華民国,194x年,世界大戦終戦後、神華帝国が解体された際に連合軍に占領され、独立した。
南神華民国,1955年12月,社会主義政権樹立を掲げる杯宗万将軍がクーデターを行い、トイティアの傀儡政権で親白人政権の庭崇民政権を倒した。
寧羅民国,1940年,トイティア軍政下で樹立された寧羅民政府に公選制民政議会が置かれる。議員選出は森南系・神華系で別選挙。神華系議員の定数は全体の20％（19議席）。20歳以上の神華系人は神華系立候補者への投票権を持つ。
寧羅民国,1958年,特種民族保護抑留法が制定され、神華系人は特種民族部落区への強制移住対象となる。部落区外への外出には許可証が必要となる。
寧羅民国,1958年,施設隔離法により、神華系人は区外の公共施設（図書館・公園・公共交通・飲食店など）を利用することが違法とされる。
寧羅民国,1958年,特種民族土地法により、神華系人は部落区でのみ土地所有が認められ、それ以外の地域で土地や家屋の購入は禁止される。
寧羅民国,1958年,特種民族政治権利終止法により、神華系人の選挙権・被選挙権が剥奪され、政治活動が全面禁止される。
寧羅民国,1958年,国家市民法で神華系人は二等市民とされ、公職健全化法に基づき神華系政治家・公務員が追放される。就業健全化法により神華系弁護士は活動禁止、神華系医師は非神華系患者の診療禁止。
寧羅民国,1958年以降,特種民族労働者法、労働関係調停法などにより、神華系労働者は就業地域や労働組合活動が制限され、森南系労働者が優遇される。
寧羅民国,1959年,国家民族保護法が制定され、神華系人と他人種の婚姻・婚外性交渉が禁止される。以前に生まれた混血者も神華系人として権利を剥奪される。
寧羅民国,1986年6月6日,利尾西政権が非常戒厳令を布告。クーデター鎮圧と神華軍との戦闘を同時並行で行う中、国家非常事態関連法を緊急施行し、寧羅全土で恒久的戒厳体制を敷く。
寧羅民国,1987年,特種民族優生保護令が公布され、神華系人女性に対する強制断種手術が開始。1992年までの間に約15万人の女性が対象となる。
沖沙特別行政府,前135年,古代アグロ帝国の支配下に入る。
沖沙特別行政府,252年,古代アグロ帝国が滅亡。パナンタ王国?の支配下に。
沖沙特別行政府,730年,アグロネディア帝国成立。
沖沙特別行政府,758年,アグロネディアの支配下に入る。
沖沙特別行政府,1450年,パナンタ諸島をトイティア連合王国に割譲。
沖沙特別行政府,1931年,世界大戦勃発。
沖沙特別行政府,1932年,豐彌海軍とアグロネディア・トイティア連合海軍の間でパナンタ諸島海戦?が勃発。同時にトゥナンタの戦い?が発生。神華軍が勝利しパナンタ諸島を占領。
沖沙特別行政府,1936年,豐彌帝国の敗戦によりトイティアの植民地に復帰。
沖沙特別行政府,1942年,パナンタ諸島がアグロネディアに返還される。
沖沙特別行政府,1974年,トゥナンタ島を神華連邦に売却。
沖沙特別行政府,1975年,沖沙に改名。沖沙基本法が制定され、特別行政府が設置される。
大灣国,1989年10月18日,首都・群廊で発生した要人暗殺テロ事件、頼崇来霊廟事件が発生。